Model,Confidence_Level,Expected,Observed,Difference
BLR,50%,0.5,0.5388349514563107,0.03883495145631066
GP,50%,0.5,0.2912621359223301,-0.20873786407766992
BLR,68%,0.68,0.7087378640776699,0.028737864077669872
GP,68%,0.68,0.3883495145631068,-0.29165048543689326
BLR,90%,0.9,0.9223300970873787,0.022330097087378653
GP,90%,0.9,0.5922330097087378,-0.3077669902912622
BLR,95%,0.95,0.9757281553398058,0.02572815533980588
GP,95%,0.95,0.6262135922330098,-0.3237864077669902
