Model,Confidence_Level,Expected,Observed,Difference
BLR,50%,0.5,0.03398058252427184,-0.46601941747572817
GP,50%,0.5,0.9757281553398058,0.47572815533980584
BLR,68%,0.68,0.5825242718446602,-0.09747572815533989
GP,68%,0.68,0.9757281553398058,0.2957281553398058
BLR,90%,0.9,1.0,0.09999999999999998
GP,90%,0.9,0.9757281553398058,0.07572815533980581
BLR,95%,0.95,1.0,0.050000000000000044
GP,95%,0.95,0.9757281553398058,0.02572815533980588
