Model,Confidence_Level,Expected,Observed,Difference
BLR,50%,0.5,0.5533980582524272,0.05339805825242716
GP,50%,0.5,0.28640776699029125,-0.21359223300970875
BLR,68%,0.68,0.7135922330097088,0.033592233009708705
GP,68%,0.68,0.39805825242718446,-0.2819417475728156
BLR,90%,0.9,0.9271844660194175,0.027184466019417486
GP,90%,0.9,0.5922330097087378,-0.3077669902912622
BLR,95%,0.95,0.9660194174757282,0.016019417475728215
GP,95%,0.95,0.6359223300970874,-0.3140776699029125
