Model,RMSE,MAE,R2,MAPE
BLR,6.501954723513223,5.2482220842041905,0.8359390068578646,18.622594711313965
GP,5.27557609919159,3.7270004434382207,0.8919916731792529,11.002529064907145
