Model,RMSE,MAE,R2,MAPE
BLR,37.06594822889376,36.46781555913842,-4.331724296378646,134.85061494915828
GP,15.559571192807232,12.487349067337455,0.060465564256300564,58.52446371626304
