Model,RMSE,MAE,R2,MAPE
BLR,6.4938321778594235,5.252434610997404,0.8363486561386648,18.639751380760206
GP,5.27557609919159,3.7270004434382207,0.8919916731792529,11.002529064907145
