s_min,p_target,blr_approval_rate,gp_approval_rate,decision_agreement
30.0,0.9,0.4174757281553398,0.6019417475728155,0.8155339805825242
30.0,0.95,0.32524271844660196,0.5825242718446602,0.7427184466019418
30.0,0.99,0.18932038834951456,0.5339805825242718,0.6456310679611651
35.0,0.9,0.2524271844660194,0.4563106796116505,0.7864077669902912
35.0,0.95,0.18932038834951456,0.42718446601941745,0.7524271844660194
35.0,0.99,0.08737864077669903,0.3592233009708738,0.7184466019417476
40.0,0.9,0.12135922330097088,0.2961165048543689,0.8058252427184466
40.0,0.95,0.08737864077669903,0.2669902912621359,0.8009708737864077
40.0,0.99,0.05825242718446602,0.2524271844660194,0.8058252427184466
